[
{
  "name":"测试1",
  "type":"android应用程序",
  "id":"000001",
  "smallIcon":"https://gp0.saobby.com/i/rne8HcwnYmN9VJyV.png",
  "pictures":[],
  "downloadURL":"",
  "briefIntroduction":"假装有很多字的简介",
  "authorImg":"",
  "author":"caofangkuaishop"
},
{
  "name":"测试2",
  "type":"android应用程序",
  "id":"000002",
  "smallIcon":"https://gp0.saobby.com/i/rne8HcwnYmN9VJyV.png",
  "pictures":[],
  "downloadURL":"",
  "briefIntroduction":"假装有很多字的简介",
  "authorImg":"",
  "author":"caofangkuaishop"
},
{
  "name":"测试3",
  "type":"android应用程序",
  "id":"000003",
  "smallIcon":"https://gp0.saobby.com/i/rne8HcwnYmN9VJyV.png",
  "pictures":[],
  "downloadURL":"",
  "briefIntroduction":"假装有很多字的简介",
  "authorImg":"",
  "author":"caofangkuaishop"
}
]